mutation,lineage,weight
C12778T,P.1,1.0
C13860T,P.1,1.0
C14676T,B.1.1.7,1.0
C15279T,B.1.1.7,1.0
C26801T,B.1.1.7,1.0
C2749T,P.1,1.0
C5986T,B.1.1.7,1.0
C913T,B.1.1.7,1.0
T16176C,B.1.1.7,1.0
T733C,P.1,1.0
aa:E:P71L,B.1.351,1.0
aa:M:I82T,B.1.617.2,1.0
aa:N:D377Y,B.1.617.2,1.0
aa:N:D3L,B.1.1.7,1.0
aa:N:D63G,B.1.617.2,1.0
aa:N:P80R,P.1,1.0
aa:N:R203M,B.1.617.2,1.0
aa:N:S235F,B.1.1.7,1.0
aa:N:T205I,B.1.351,1.0
aa:S:A570D,B.1.1.7,1.0
aa:S:A701V,B.1.351,1.0
aa:S:D1118H,B.1.1.7,1.0
aa:S:D215G,B.1.351,1.0
aa:S:D80A,B.1.351,1.0
aa:S:D950N,B.1.617.2,1.0
aa:S:E484K,B.1.351,1.0
aa:S:G142D,B.1.617.2,1.0
aa:S:K417T,P.1,1.0
aa:S:L452R,B.1.617.2,1.0
aa:S:N501Y,B.1.1.7,1.0
aa:S:P26S,P.1,1.0
aa:S:P681H,B.1.1.7,1.0
aa:S:P681R,B.1.617.2,1.0
aa:S:S982A,B.1.1.7,1.0
aa:S:T1027I,P.1,1.0
aa:S:T19R,B.1.617.2,1.0
aa:S:T20N,P.1,1.0
aa:S:T478K,B.1.617.2,1.0
aa:S:T716I,B.1.1.7,1.0
aa:orf1a:A1708D,B.1.1.7,1.0
aa:orf1a:I2230T,B.1.1.7,1.0
aa:orf1a:K1655N,B.1.351,1.0
aa:orf1a:K1795Q,P.1,1.0
aa:orf1a:K3353R,B.1.351,1.0
aa:orf1a:S1188L,P.1,1.0
aa:orf1a:T1001I,B.1.1.7,1.0
aa:orf1a:T265I,B.1.351,1.0
aa:orf3a:Q57H,B.1.351,1.0
aa:orf3a:S171L,B.1.351,1.0
aa:orf3a:S26L,B.1.617.2,1.0
aa:orf7a:T120I,B.1.617.2,1.0
aa:orf7a:V82A,B.1.617.2,1.0
aa:orf8:E92K,P.1,1.0
aa:orf8:Q27*,B.1.1.7,1.0
aa:orf8:R52I,B.1.1.7,1.0
aa:orf8:Y73C,B.1.1.7,1.0
del:11287:9,B.1.351,1.0
del:11289:9,B.1.1.7,1.0
del:21769:2,B.1.1.7,1.0
del:21994:1,B.1.1.7,1.0
del:22280:9,B.1.351,1.0
ins:28262:4,P.1,1.0
